Name,Variety_Code,Crop_Type,Days_to_Maturity,Days_to_Transplant,Direct_Sow,Succession_Interval,Description
"Green Globe",VAR40,Asparagus,60,21,No,21,"Green Globe              YP      early May. Plant out crowns at 30"
Tavor,VOG004,Asparagus,60,21,No,21,"Tavor (not shown)              Seed"
Produces,,Asparagus,60,21,No,21,"Produces uniform, round shaped            Gijnlim"
"F1 Gijnlim",VAS05,Asparagus,60,21,No,21,"F1 Gijnlim"
Cardoon,VAR50,Asparagus,60,21,No,21,Cardoon
"F1 Pacific Purple",VAS09,Asparagus,60,21,No,21,"F1 Pacific Purple"
Violet,VAR30,Asparagus,60,21,No,21,"Violet de Provence                  £3.50      £6.50     £12.00        produces super-sweet dark purple"
Cardoon,VOG006,Asparagus,60,21,No,21,"Cardoon                        spear production."
"F1 Gijnlim",VPL05,Asparagus,60,21,No,21,"F1 Gijnlim                       October to November, or mid"
"F1 Portlim",VAS22,Asparagus,60,21,No,21,"F1 Portlim                              £211.80 £389.65                  maincrop allow 38cm. Sowing"
Gijnlim,,Asparagus,60,21,No,21,"Gijnlim but deliver similar high                                               download from our website."
"F1 Bonica",VAU05,Asparagus,60,21,No,21,"F1 Bonica                        A range of varieties producing"
"F1 Mondeo",VPL07,Asparagus,60,21,No,21,"F1 Mondeo                                                              plants start bearing fruit."
Jade,VAU70,Asparagus,60,21,No,21,"Jade NEW"
"F1 Moneymaker",VAU10,Asparagus,60,21,No,21,"F1 Moneymaker                    VAU72 Ivory NEW"
Jet,VAU74,Asparagus,60,21,No,21,"Jet NEW"
Amethyst,VAU76,Asparagus,60,21,No,21,"Amethyst NEW"
"F1 Guelph Equinox",VPL09,Asparagus,60,21,No,21,"F1 Guelph Equinox"
Marble,VAU78,Asparagus,60,21,No,21,Marble
"Connover’s Colossal",VAS10,Asparagus,60,21,No,21,"Connover’s Colossal               protection then performs as"
"Black Beauty",VAU20,Asparagus,60,21,No,21,"Black Beauty"
"F1 Burgundine",VPL16,Asparagus,60,21,No,21,"F1 Burgundine                                        YP Poly Glas"
"F1 Meatball",VAU22,Asparagus,60,21,No,21,"F1 Meatball"
"F1 Millennium",VAS24,Asparagus,60,21,No,21,"F1 Millennium                         25 cr.     50 cr.    100 cr.         100g       250g       500g          the mightiest, meatiest variety"
"Black Beauty",VOG010,Asparagus,60,21,No,21,"Black Beauty                    and texture of meat. Suitable for"
"F1 Millennium",VPL25,Asparagus,60,21,No,21,"F1 Millennium                                       YP Poly Glas       use in containers, outdoors and"
"Green Knight",,Aubergine,60,21,No,21,"Green Knight"
"F1 Green Knight",VAU40,Aubergine,60,21,No,21,"F1 Green Knight                                               (1300 for small bean varieties"
"The Sutton",VBB60,Aubergine,60,21,No,21,"The Sutton              YP"
"F1 Pinstripe",VAU50,Aubergine,60,21,No,21,"F1 Pinstripe                      jade green fruits, which are                                                                                                            Dwarf variety, growing to 45cm in"
Monica,VBB45,Aubergine,60,21,No,21,"Monica (not shown)"
"F1 White Knight",VAU42,Aubergine,60,21,No,21,"F1 White Knight"
"F1 Ivory",VAU55,Aubergine,60,21,No,21,"F1 Ivory                          that are typically 17cm in length."
Aquadulce,VBB10,Aubergine,60,21,No,21,"Aquadulce                 YP"
"F1 Violet Knight",VAU44,Aubergine,60,21,No,21,"F1 Violet Knight                                               500g       1kg        21/2kg"
"Witkiem Manita",VBB50,Aubergine,60,21,No,21,"Witkiem Manita"
Aquadulce,VOG020,Aubergine,60,21,No,21,"Aquadulce                               YP                   suited to freezing."
"F1 Farmers Long",VAU30,"Broad Beans",60,21,No,21,"F1 Farmers Long                    Variety                                                                         sowing            sowing           sowing           Bean colour           Beans per pod            Plant height"
"Bunyard’s Exhibition",VBB20,"Broad Beans",60,21,No,21,"Bunyard’s Exhibition"
"Blue Lake Stringless",VCF20,"Broad Beans",60,21,No,21,"Blue Lake Stringless"
"Masterpiece Green",VBB40,"Broad Beans",60,21,No,21,"Masterpiece Green                 required. 2000 seeds per kilo.                                                 21/2kg       5kg      10kg"
Hunter,VCF45,"Broad Beans",60,21,No,21,"Hunter                              £35.30 £65.25 £120.00"
Fasold,VCF55,"Broad Beans",60,21,No,21,"Fasold (not shown)"
"Red Epicure",VBB14,"Broad Beans",60,21,No,21,"Red Epicure                                                                                                    for plant sales. Tolerant of BCMV"
Eva,VOG040,"Broad Beans",60,21,No,21,"Eva (not shown)                     £6.65    £10.65      £16.70"
Algarve,VCF15,"Broad Beans",60,21,No,21,Algarve
Goldfield,VCF50,"Broad Beans",60,21,No,21,Goldfield
Cobra,VCF70,"Broad Beans",60,21,No,21,Cobra
"Borlotto Lingua",VCF80,"Broad Beans",60,21,No,21,"Borlotto Lingua di                7-9mm, the variety is black-seeded"
Duet,VBB62,"Broad Beans",60,21,No,21,"Duet                             VOG075 Limka                                    Fuoco (not shown)             Resistant to BCMV race 1."
Cobra,VOG045,"Broad Beans",60,21,No,21,Cobra
Sunshine,VCF75,"Broad Beans",60,21,No,21,Sunshine
Scorpio,VBB70,"Broad Beans",60,21,No,21,"Scorpio                                                                                                        good yield of attractive pale"
Nassau,VDF50,"Broad Beans",60,21,No,21,Nassau
Martini,VDF45,"Broad Beans",60,21,No,21,"Martini                        organic seed                          A flat podded variety with medium"
Soliman,VOG088,"Broad Beans",60,21,No,21,"Soliman                        green pods 16cm x 17mm. Plant"
"The Prince",VDF30,"Broad Beans",60,21,No,21,"The Prince"
Nautica,VDF35,"Broad Beans",60,21,No,21,"Nautica                                                                                                      Unusual-podded"
Stanley,VDF60,"Broad Beans",60,21,No,21,Stanley
Montano,VDF25,"Broad Beans",60,21,No,21,Montano
Dior,VDF91,"Broad Beans",60,21,No,21,Dior
Tendergreen,VDF20,"Broad Beans",60,21,No,21,"Tendergreen                     upright habit. Beans are carried"
Faraday,VDF72,"Broad Beans",60,21,No,21,"Faraday                           VOG080 Maxi                             Voltage                            VDF96 Voltage"
Armstrong,VRB15,"Broad Beans",60,21,No,21,"Armstrong (not shown)"
"Lady Di",VRB55,"Runner Beans",60,21,No,21,"Lady Di"
Capitano,VDF92,"Runner Beans",60,21,No,21,"Capitano                        1000 seeds per kilo. Sow under         VRB20 Achievement                       Early stringless type, producing"
"Red Flowered Varieties",,"Runner Beans",60,21,No,21,"Red Flowered Varieties"
Polestar,VRB05,"Runner Beans",60,21,No,21,"Polestar (not shown)                                                      organic seed"
"Lady Di",VOG097,"Runner Beans",60,21,No,21,"Lady Di NEW"
"Scarlet Emperor",VRB65,"Runner Beans",60,21,No,21,"Scarlet Emperor"
Firestorm,VRB22,"Runner Beans",60,21,No,21,"Firestorm                YP       (not shown)                    YP"
"Dwarf Borlotto",VDF86,"Runner Beans",60,21,No,21,"Dwarf Borlotto                                                         2.5cm in size."
Prizewinner,VRB70,"Runner Beans",60,21,No,21,Prizewinner
"Guiness Record",VRB08,"Runner Beans",60,21,No,21,"Guiness Record"
"Purple Queen",VDF95,"Runner Beans",60,21,No,21,"Purple Queen                   averaging around 45cm in length.                                                   21/2kg     5kg         10kg"
Enorma,VRB30,"Runner Beans",60,21,No,21,"Enorma                     YP"
Crusader,VRB12,"Runner Beans",60,21,No,21,"Crusader                 YP          £6.65      £10.65      £16.70"
"Scarlet Empire",VRB90,"Runner Beans",60,21,No,21,"Scarlet Empire             YP"
Streamline,VRB50,"Runner Beans",60,21,No,21,"Streamline                        Produces       smooth,       narrow,"
"Swiss Chard White",VBE70,"Runner Beans",60,21,No,21,"Swiss Chard White"
Moonlight,VRB25,"Runner Beans",60,21,No,21,"Moonlight (not shown)                                                                                          stalks and spinach-like leaves for"
"White Silver",VOG670,"French Beans",60,21,No,21,"White Silver"
"Bulls Blood Red",VBE75,"French Beans",60,21,No,21,"Bulls Blood Red"
Solitaire,VRB80,"French Beans",60,21,No,21,"Solitaire                                                               beetroot itself is large and only"
"Chard Bright Lights",VBE90,"French Beans",60,21,No,21,"Chard Bright Lights"
Queen,VRB82,"French Beans",60,21,No,21,"Queen of Hearts                   A range of colours including white,       10g        25g        50g"
Equator,VRB60,"French Beans",60,21,No,21,"Equator                          Red flowered.                           cream, yellow, orange, pink,             £1.90      £4.35      £8.10"
Sweepstake,VRB84,"French Beans",60,21,No,21,"Sweepstake                        lipstick, and red. Terrific colour       100g        250g      500g"
"Bulls Blood Red",VOG111,"French Beans",60,21,No,21,"Bulls Blood Red"
Hestia,VRB35,"French Beans",60,21,No,21,"Hestia (not shown)                                                        £2.80     £6.45      £11.90"
Flamingo,VBE95,"French Beans",60,21,No,21,"Flamingo (not shown)"
"White Lady",VRB66,"French Beans",60,21,No,21,"White Lady                                                               packs and novelty box schemes."
"Painted Lady",VRB45,"French Beans",60,21,No,21,"Painted Lady             YP"
"Canary Yellow",VBE85,"French Beans",60,21,No,21,"Canary Yellow"
"Rhubarb Chard",VBE80,"French Beans",60,21,No,21,"Rhubarb Chard"
"White Emergo",VRB40,"French Beans",60,21,No,21,"White Emergo                     pods which are very tender.             schemes, etc.                         stems are suitable for both"
"Perpetual Spinach",VBE60,"French Beans",60,21,No,21,"Perpetual Spinach                  £2.75    £5.10      £9.45"
"White Emergo",VOG098,"French Beans",60,21,No,21,"White Emergo                                                            as an alternative ‘cut and come       VOG106 Rhubarb Chard"
"Albina Ice",VBE15,Spinach,60,21,No,21,"Albina Ice (not shown)           B"
"F1 Boro",VOG101,Spinach,60,21,No,21,"F1 Boro                                                                  Chioggia"
Detroit,VBE40,Spinach,60,21,No,21,"Detroit 2 Crimson"
Chioggia,VBE20,Spinach,60,21,No,21,Chioggia
Detroit,VOG102,Spinach,60,21,No,21,"Detroit 2 Crimson                as a hot vegetable."
"F1 Pablo",VBE03,Spinach,60,21,No,21,"F1 Pablo            Poly Glas"
Detroit,VOG100,Spinach,60,21,No,21,"Detroit 2 Bolivar              VBE16 Boston (not shown)"
Golden,VBE35,Spinach,60,21,No,21,Golden
"F1 Pablo",VBE05,Spinach,60,21,No,21,"F1 Pablo        Poly Glas"
Boltardy,VBE30,Spinach,60,21,No,21,"Boltardy (not shown)            VBE17 Boston (not shown)"
Bona,VBE28,Spinach,60,21,No,21,Bona
Egyptian,VBE45,Spinach,60,21,No,21,"Egyptian (not shown)"
Boltardy,VBE32,Spinach,60,21,No,21,"Boltardy (not shown)            makes for a sweet, tasty flavour.         £3.10      £5.70      £13.15"
"F1 Bettollo",VBE10,Spinach,60,21,No,21,"F1 Bettollo                         £2.20      £4.10      £7.60         baby/pickling beet production.                 £24.30     £45.00"
Cylindra,VBE55,Spinach,60,21,No,21,"Cylindra (not shown)"
Bona,VBE29,Spinach,60,21,No,21,"Bona                              tasting flesh. Ideal variety for"
"Red Russian",VBO50,Spinach,60,21,No,21,"Red Russian"
"F1 Kapitan",VBO65,Spinach,60,21,No,21,"F1 Kapitan                                                               £20.45 £37.80            £70.00"
"F1 Sunbor",VBO12,Spinach,60,21,No,21,"F1 Sunbor"
"Dwarf Green Curled",VBO20,Spinach,60,21,No,21,"Dwarf Green Curled               with a medium green colour. Wide        with a purple tinge early in the"
"F1 Yurok",VBO36,Spinach,60,21,No,21,"F1 Yurok"
"F1 Redbor",VBO10,Kale,60,21,No,21,"F1 Redbor (not shown)          uniform and compact plants,"
"F1 Eden",VBO16,Spinach,60,21,No,21,"F1 Eden NEW                          £5.25    £8.40      £16.80"
Kapral,VBO75,Spinach,60,21,No,21,"Kapral                   YP      A hybrid green curly kale, with            500sd 1,000sd 2,500sd"
"F1 Redbor",VOG107,Kale,60,21,No,21,"F1 Redbor"
Scarlet,VBO80,Spinach,60,21,No,21,"Scarlet (not shown)"
Kadet,VBO70,Spinach,60,21,No,21,"Kadet (not shown)                 produces tall plants, typically up"
"Black Magic",VBO38,Kale,60,21,No,21,"Black Magic"
"Emerald Ice",VBO60,Spinach,60,21,No,21,"Emerald Ice                      VBO48 Red Ruble                           £18.90 £43.75         £81.00"
"Black Tuscany",VBO40,Spinach,60,21,No,21,"Black Tuscany"
"Summer Purple",VBR035,Spinach,60,21,No,21,"Summer Purple"
"White Eye",VBR032,Spinach,60,21,No,21,"White Eye                                                        Summer cropping variety, from"
"Cardinal Re-Intro Excellent",VBR034,Spinach,60,21,No,21,"Cardinal Re-Intro Excellent colour and well formed"
"Early Purple",VBR010,Spinach,60,21,No,21,"Early Purple"
Rudolph,VBR016,Spinach,60,21,No,21,"Rudolph                           £18.95 £35.10        £65.00"
"F1 Santee",VBR008,Spinach,60,21,No,21,"F1 Santee"
"F1 Claret",VBR005,Spinach,60,21,No,21,"F1 Claret"
"F1 Burbank",VBR003,Spinach,60,21,No,21,"F1 Burbank                       £4.30      £6.90     £11.00"
"F1 Santee",VOG116,Spinach,60,21,No,21,"F1 Santee"
"F1 Red Fire",VBR006,Spinach,60,21,No,21,"F1 Red Fire"
"Purple Heart",VBR028,Spinach,60,21,No,21,"Purple Heart NEW"
"F1 Purple Rain",VBR022,Spinach,60,21,No,21,"F1 Purple Rain"
"F1 Mendocino",VBR014,Spinach,60,21,No,21,"F1 Mendocino                   and summer varieties. The plants      autumn. Good heat tolerance."
"F1 Nautic",VOG112,Spinach,60,21,No,21,"F1 Nautic                                                    VBR068 F1 Brest (not shown)"
"F1 Maximus",VBR060,Spinach,60,21,No,21,"F1 Maximus                                                     £31.50 £50.35           £80.50                                       £30.80 £49.25 £98.45"
"F1 Bosworth",VBR148,Spinach,60,21,No,21,"F1 Bosworth                                                            Brel"
Shows,,Spinach,60,21,No,21,"harvest period. Shows tolerance of                                high yields. Well spaced buttons"
"F1 Abacus",VBR058,Spinach,60,21,No,21,"F1 Abacus                            ring spot, powdery mildew and white                               with sweet flavour. Suits loose or"
"F1 Brel",VBR090,Spinach,60,21,No,21,"F1 Brel NEW"
"F1 Crispus",VBR062,Spinach,60,21,No,21,"F1 Crispus                                                                                                                                                                   fertile soils."
"F1 Brigitte",VBR064,Spinach,60,21,No,21,"F1 Brigitte"
"F1 Trafalgar",VBR110,Spinach,60,21,No,21,"F1 Trafalgar"
"F1 Dagan",VBR070,Spinach,60,21,No,21,"F1 Dagan                                                   be used on low or high fertility                                      (not shown)"
organic,VOG112,"Brussels Sprouts",60,21,No,21,"organic option"
"F1 Churchill",VBR056,"Brussels Sprouts",60,21,No,21,"F1 Churchill                          Brigitte VBR064"
New,VBR090,"Brussels Sprouts",60,21,No,21,New
New,VBR144,"Brussels Sprouts",60,21,No,21,New
"F1 Ruby Crunch",VBR144,Cabbage,60,21,No,21,"F1 Ruby Crunch NEW gardeners. 200-400 seeds per"
"F1 Duncan",VCA050,Cabbage,60,21,No,21,"F1 Duncan"
"F1 Doric",VBR135,Cabbage,60,21,No,21,"F1 Doric                     picked.    Good holding ability.    transplanted, 1.25-2.5 kilos per            quality, uniformity and colour."
"Bedford Darkmar",VBR160,Cabbage,60,21,No,21,"Bedford Darkmar 21"
"F1 Doric",VOG114,Cabbage,60,21,No,21,"F1 Doric                     is well suited to plant sales, less"
"F1 Winterjewel",VCA010,Cabbage,60,21,No,21,"F1 Winterjewel"
"F1 Brechin",VBR142,Cabbage,60,21,No,21,"F1 Brechin                     £13.90 £32.10        £59.40           An excellent hybrid that is ideal for"
"F1 Verve",VCA022,Cabbage,60,21,No,21,"F1 Verve NEW"
"Evesham Special",VBR180,Cabbage,60,21,No,21,"Evesham Special                  Very compact and slow to heart. Best    A vigorous all year round greens"
"Red Ball",VBR175,Cabbage,60,21,No,21,"Red Ball (not shown)                                                        £19.55 £39.10 £125.00"
"F1 Tantour",VCA012,Cabbage,60,21,No,21,"F1 Tantour"
"Kalettes Garden",VBR190,Cabbage,60,21,No,21,"Kalettes Garden                  A well shaped hybrid suitable for"
"F1 Summerjewel",VCA020,Cabbage,60,21,No,21,"F1 Summerjewel"
"Durham Early",VCA260,Cabbage,60,21,No,21,"Durham Early"
"Wheelers Imperial",VCA290,Cabbage,60,21,No,21,"Wheelers Imperial"
"F1 Regency",VCA006,Cabbage,60,21,No,21,"F1 Regency"
Greyhound,VCA170,Cabbage,60,21,No,21,Greyhound
"F1 Caraflex",VCA032,Cabbage,60,21,No,21,"F1 Caraflex                                                and a broad base, suitable for                                                                                                   VCA105 F1 Sunta                 YP"
Kalibos,VCA245,Cabbage,60,21,No,21,"Kalibos                                             Strong bolting resistance. Suited"
"F1 Caraflex",VOG132,Cabbage,60,21,No,21,"F1 Caraflex                                                                                                                      (leaves do not hold colour or                                     2,500sd 10,000sd"
New,VCA050,Cabbage,60,21,No,21,"New                                                                                                                     Early maturing, round, green"
"F1 Constable",VCA026,Cabbage,60,21,No,21,"F1 Constable                      Kalibro F1 VCA045"
organic,VOG124,Cabbage,60,21,No,21,"organic option"
Stonehead,,Cabbage,60,21,No,21,Stonehead
"F1 Kalibro",VCA045,Cabbage,60,21,No,21,"F1 Kalibro                                                                                                                       VCA166 F1 Kilastor"
"F1 Stonehead",VCA100,Cabbage,60,21,No,21,"F1 Stonehead              YP"
"F1 Drago",VOG124,Cabbage,60,21,No,21,"F1 Drago                                                     Also resistant to White Blister."
"Golden Acre",VCA160,Cabbage,60,21,No,21,"Golden Acre              YP                                                                                 £22.00     £35.20"
"F1 Cabbice",VCA142,Cabbage,60,21,No,21,"F1 Cabbice                                                 VCA128 F1 Attraction"
"F1 Mozart",VCA048,Cabbage,60,21,No,21,"F1 Mozart                        Maturing after approximately 90-                                  An early white cabbage variety with"
"F1 Storka",VCA132,Cabbage,60,21,No,21,"F1 Storka"
"F1 Rovite",VCA074,Cabbage,60,21,No,21,"F1 Rovite              YP"
"F1 Romanov",VCA072,Cabbage,60,21,No,21,"F1 Romanov NEW                                              market and short term storage.                                        VOG127 F1 Subaro"
"F1 Guard",VCA130,Cabbage,60,21,No,21,"F1 Guard                        red heads. Good colour when small"
"Red Drumhead",VCA200,Cabbage,60,21,No,21,"Red Drumhead"
"F1 Lodero",VCA078,Cabbage,60,21,No,21,"F1 Lodero"
"F1 Rodima",VCA075,Cabbage,60,21,No,21,"F1 Rodima"
"Red Drumhead",VOG121,Cabbage,60,21,No,21,"Red Drumhead                                                days from transplant. Suitable for                                   short internal stalk. Very good flavour"
"F1 Impala",VOG125,Cabbage,60,21,No,21,"F1 Impala"
New,VCA072,Cabbage,60,21,No,21,New
organic,VOG127,Cabbage,60,21,No,21,"organic option"
organic,VOG134,Cabbage,60,21,No,21,"organic option"
"F1 Green Rich",VCA137,Cabbage,60,21,No,21,"F1 Green Rich                    Winter Cabbage"
"F1 Cordesa",VCA126,Cabbage,60,21,No,21,"F1 Cordesa"
"F1 Stanton",VCA122,Cabbage,60,21,No,21,"F1 Stanton"
"F1 Cantasa",VOG134,Cabbage,60,21,No,21,"F1 Cantasa                     Produces compact, dark green,"
"F1 Capriccio",VCA035,Cabbage,60,21,No,21,"F1 Capriccio                     flavour. Good standing ability for      stems and good standing ability.      standing ability. Typical maturity"
Ormskirk,VCA300,Cabbage,60,21,No,21,"Ormskirk                  YP     Cabbage (Winter)                      organic seed"
"F1 Stanton",VOG129,Cabbage,60,21,No,21,"F1 Stanton"
Glory,VCA155,Cabbage,60,21,No,21,"Glory of Enkhuizen"
Ormskirk,VOG123,Cabbage,60,21,No,21,"Ormskirk                           Deadon"
"F1 Serpentine",VCA110,Cabbage,60,21,No,21,"F1 Serpentine                      £35.00 £64.80 £120.00"
"F1 Tundra",VCA115,Cabbage,60,21,No,21,"F1 Tundra"
"F1 Deadon",VCA112,Cabbage,60,21,No,21,"F1 Deadon                      standing ability, dense heads,"
"F1 Wirosa",VCA095,Cabbage,60,21,No,21,"F1 Wirosa                                                                     £31.30 £62.50"
"F1 Deadon",VOG128,Cabbage,60,21,No,21,"F1 Deadon"
"F1 Providence",VCA120,Cabbage,60,21,No,21,"F1 Providence                    VCA085 F1 Rigoletto                           £34.20    £54.75"
Brunswick,VCA180,Cabbage,60,21,No,21,"Brunswick               YP     VCA145 F1 Marabel"
"F1 Stromboli",VCA345,Cabbage,60,21,No,21,"F1 Stromboli                     Stem Type Varieties"
"F1 Covina",VOG144,Cabbage,60,21,No,21,"F1 Covina                       VCA328 F1 Zen (not shown)"
Kale,VCA342,Cabbage,60,21,No,21,Kale
"F1 Marathon",VCA325,Cabbage,60,21,No,21,"F1 Marathon                                                              Crops best in autumn, from a June       Technically a sprouting kale, this"
"F1 Kimono",VCA322,Cabbage,60,21,No,21,"F1 Kimono"
Green,VCA344,Cabbage,60,21,No,21,"Green NEW"
"F1 Monclano",VCA320,Cabbage,60,21,No,21,"F1 Monclano                      good colour and sweet flavour."
"F1 Ironman",VCA330,Cabbage,60,21,No,21,"F1 Ironman                               2,500sd 10,000sd                domed head with a good bead;"
"Green Sprouting",VCA360,Cabbage,60,21,No,21,"Green Sprouting"
"F1 Titanium",VCA332,Cabbage,60,21,No,21,"F1 Titanium                                                              Sow April for cutting in early"
"F1 Steel",VCA334,Cabbage,60,21,No,21,"F1 Steel                        August."
White,VCA346,Cabbage,60,21,No,21,"White NEW"
"Green Sprouting",VOG146,Cabbage,60,21,No,21,"Green Sprouting                  Matures after approximately 60-"
"F1 Rainbow",VCA392,Carrot,60,21,No,21,"F1 Rainbow"
"F1 Redsun",VCA401,Carrot,60,21,No,21,"F1 Redsun                                                      VCA381 F1 Red Samurai"
Mercurio,,Carrot,60,21,No,21,Mercurio
"F1 Mercurio",VCA368,Carrot,60,21,No,21,"F1 Mercurio"
"F1 White Satin",VCA389,Carrot,60,21,No,21,"F1 White Satin                                             VCA393 F1 Yellowstone                                                 VCA397 F1 Purple Sun"
"F1 Mercurio",VCA369,Carrot,60,21,No,21,"F1 Mercurio                       compared to other white root                                      skin and flesh, with some greening                                    Adds colour to salads and the like"
"F1 Laguna",VCA365,Carrot,60,21,No,21,"F1 Laguna"
"A Nantes",,Carrot,60,21,No,21,"A first early Nantes type ideal for       Variety                                                                                              Maturity                                                    Main Uses"
"Early,",VCA365,Carrot,60,21,No,21,"Early, 2nd Early                                             Bunching, Ware"
"F1 Flyaway",VCA375,Carrot,60,21,No,21,"F1 Flyaway                         Napoli VOG175                                              organic option                     2nd Early, Maincrop                                             Bunching, Ware"
"Maincrop, Late",VCA405,Carrot,60,21,No,21,"Maincrop, Late                                        Bunching, Processing, Ware"
"Maincrop, Late",VCA377,Carrot,60,21,No,21,"Maincrop, Late                                         Bunching, Pre-pack, Ware"
"Maincrop, Late, Overwintering",VCA384,Carrot,60,21,No,21,"Maincrop, Late, Overwintering                                         Pre-pack, Ware"
organic,VOG178,Carrot,60,21,No,21,"organic option               Maincrop, Late, Overwintering                                         Pre-pack, Ware"
"Maincrop, Late, Overwintering",VCA383,Carrot,60,21,No,21,"Maincrop, Late, Overwintering                                   Bunching, Pre-pack, Ware"
"Maincrop, Late, Overwintering",VCA422,Carrot,60,21,No,21,"Maincrop, Late, Overwintering                                   Bunching, Pre-pack, Ware"
"F1 Sylvano",VCA383,Carrot,60,21,No,21,"F1 Sylvano"
"A Nantes Kuroda",,Carrot,60,21,No,21,"A Nantes x Kuroda hybrid,"
Sugarsnax,,Carrot,60,21,No,21,"Sugarsnax 54"
"F1 Resistafly",VCA382,Carrot,60,21,No,21,"F1 Resistafly"
Nantes,,Carrot,60,21,No,21,"Nantes type with good tolerance                                                  Octavo"
"F1 Nazareth",VCA384,Carrot,60,21,No,21,"F1 Nazareth"
"F1 Sugarsnax",VCA416,Carrot,60,21,No,21,"F1 Sugarsnax 54                  2,500sd 5,000sd 10,000sd"
"An Imperator",,Carrot,60,21,No,21,"An Imperator variety that                                                   foliage. The Nantes type roots are"
"F1 Octavo",VCA422,Carrot,60,21,No,21,"F1 Octavo"
"A Nantes",,Carrot,60,21,No,21,"A high yielding Nantes variety"
"F1 Napoli",VOG175,Carrot,60,21,No,21,"F1 Napoli (not shown)"
"A Nantes",,Carrot,60,21,No,21,"A good quality Nantes variety,                                                                                        2,500sd 5,000sd 10,000sd"
"F1 Charisma",VCA405,Carrot,60,21,No,21,"F1 Charisma                                                              £4.85      £8.25      £15.45"
Amsterdam,VCA400,Carrot,60,21,No,21,Amsterdam
"F1 Miami",VOG178,Carrot,60,21,No,21,"F1 Miami                         early-maturing with slim roots."
"F1 Eskimo",VCA402,Carrot,60,21,No,21,"F1 Eskimo (not shown)"
"F1 Maestro",VCA377,Carrot,60,21,No,21,"F1 Maestro                    Good colour and excellent flavour."
"F1 Norwich",VCA428,Carrot,60,21,No,21,"F1 Norwich                      An excellent maincrop Nantes type    Strong tops for lifting. Intermediate"
"An Nantes",,Carrot,60,21,No,21,"An excellent Nantes variety            which shows good establishment       resistance to cavity spot and very"
Karotela,VCA409,Carrot,60,21,No,21,Karotela
"F1 Eskimo",VCA403,Carrot,60,21,No,21,"F1 Eskimo                        sweet flavour. Sowing to harvest"
Amsterdam,VCA417,Carrot,60,21,No,21,"Amsterdam 2 Maxi"
Sylvano,,Carrot,60,21,No,21,Sylvano
Berlicum,VCA390,Carrot,60,21,No,21,"Berlicum 2"
Chantenay,VCA420,Carrot,60,21,No,21,Chantenay
"Early Nantes",VCA410,Carrot,60,21,No,21,"Early Nantes 2                                             An open pollinated variety suitable                                   (not shown)"
"Autumn King",VCA380,Carrot,60,21,No,21,"Autumn King 2"
Berlicum,VOG155,Carrot,60,21,No,21,"Berlicum 2                                                      £2.60      £4.80       £8.85"
"Early Nantes",VCA411,Carrot,60,21,No,21,"Early Nantes 2                                                  £4.05              £7.50              £13.90                        £20.45 £37.80         £70.00                      VCA385 Autumn King 2"
"Saint Valery",VCA415,Carrot,60,21,No,21,"Saint Valery                                                                                                          £17.05     £39.40       £72.90"
"Early Nantes",VCA412,Carrot,60,21,No,21,"Early Nantes 2                                             variety, with good storage ability."
"Autumn King",VCA387,Carrot,60,21,No,21,"Autumn King 2"
"Early Nantes",VOG170,Carrot,60,21,No,21,"Early Nantes 2                                                £2.75     £5.10      £9.45                                                                                              VOG157 Autumn King 2"
Darina,VCA391,Carrot,60,21,No,21,"Darina                                           10g        25g          50g"
"Paris Market Atlas",VCA423,Carrot,60,21,No,21,"Paris Market Atlas                                                                                                               with a medium-blunt to blunt tip."
"Early Forcing",VCA400,Carrot,60,21,No,21,"Early Forcing                                              Bunching, Ware"
"Early Forcing, Early,",VCA409,Carrot,60,21,No,21,"Early Forcing, Early, 2nd Early                                      Bunching, Ware"
Rothild,VOG180,Carrot,60,21,No,21,Rothild
"Early,",VCA423,Carrot,60,21,No,21,"Early, 2nd Early, Maincrop                                          Round Carrots                High yielding quality Autumn King"
"Early,",VCA417,Carrot,60,21,No,21,"Early, 2nd Early, Maincrop                                           Baby Carrots                type with very good flavour and"
Maincrop,VCA415,Carrot,60,21,No,21,"Maincrop                                           Bunching, Ware, Showing"
Maincrop,VCA420,Carrot,60,21,No,21,"Maincrop                                          Bunching, Processing, Ware           market and juicing."
Maincrop,VCA391,Carrot,60,21,No,21,"Maincrop                                          Bunching, Ware, Processing               10g        25g        50g"
organic,VOG180,Carrot,60,21,No,21,"organic option                        Maincrop, Late                                              Ware, Processing                  100g       250g       500g"
Romanesco,,Cauliflower,60,21,No,21,"Romanesco types are increasing"
"F1 Boris",VCA530,Cauliflower,60,21,No,21,"F1 Boris"
"F1 Freedom",VCA435,Cauliflower,60,21,No,21,"F1 Freedom"
"F1 Bodilis",VCA468,Cauliflower,60,21,No,21,"F1 Bodilis"
"F1 Nautilus",VCA488,Cauliflower,60,21,No,21,"F1 Nautilus (not shown)"
"F1 Rafale",VCA480,Cauliflower,60,21,No,21,"F1 Rafale"
"F1 Liria",VOG205,Cauliflower,60,21,No,21,"F1 Liria                                                                Ideal for fresh market sales."
"F1 Toledo",VCA532,Cauliflower,60,21,No,21,"F1 Toledo                           £5.10      £8.15     £13.00"
"F1 Aviron",VCA500,Cauliflower,60,21,No,21,"F1 Aviron                        £33.65 £53.75        £86.00              25sd      50sd       100sd"
"F1 Clapton",VCA550,Cauliflower,60,21,No,21,"F1 Clapton (not shown)             250sd      500sd     1,000sd"
Amazing,VCA462,Cauliflower,60,21,No,21,"Amazing (not shown)"
"All Year Round",VCA430,Cauliflower,60,21,No,21,"All Year Round"
"F1 Belot",VCA460,Cauliflower,60,21,No,21,"F1 Belot"
"F1 Skywalker",VCA478,Cauliflower,60,21,No,21,"F1 Skywalker                     protection. Very high percentage"
"F1 Seoul",VCA470,Cauliflower,60,21,No,21,"F1 Seoul                           25sd      50sd       100sd"
"F1 Optimist",VCA493,Cauliflower,60,21,No,21,"F1 Optimist (not shown)"
"F1 Skywalker",VOG195,Cauliflower,60,21,No,21,"F1 Skywalker                     packed curds, good foliage"
"F1 Mengwenn",VCA682,Cauliflower,60,21,No,21,"F1 Mengwenn"
"F1 Clipper",VCA492,Cauliflower,60,21,No,21,"F1 Clipper"
"F1 Triomphant",VCA545,Cauliflower,60,21,No,21,"F1 Triomphant                        Gerona"
Aalsmeer,VCA670,Cauliflower,60,21,No,21,"Aalsmeer (not shown)                                          good density for an early type."
"F1 Gerona",VCA675,Cauliflower,60,21,No,21,"F1 Gerona                                                      250sd     500sd      1,000sd                                         25sd       50sd     100sd"
"F1 Medaillon",VOG207,Cauliflower,60,21,No,21,"F1 Medaillon"
organic,VOG205,Cauliflower,60,21,No,21,"organic option"
organic,VOG202,Cauliflower,60,21,No,21,"organic option"
"F1 Redoubtable",VCA507,Cauliflower,60,21,No,21,"F1 Redoubtable                    Optimist F1 VCA493"
organic,VOG207,Cauliflower,60,21,No,21,"organic option"
"F1 Celio",VCA502,Celeriac,60,21,No,21,"F1 Celio (not shown)                                                                                                 Ideal for fresh market sales, long"
F1,VCA525,Celeriac,60,21,No,21,"F1 AMO 125                           minimum 18oC.         Sow into          x 30cm, or into cold glass (mild"
"F1 Victoria",VCE15,Celeriac,60,21,No,21,"F1 Victoria (not shown)"
"F1 Graffiti",VCA475,Celeriac,60,21,No,21,"F1 Graffiti                                                                 blanching, erect habit."
"F1 Navona",VCA515,Celeriac,60,21,No,21,"F1 Navona                                                                                                              250sd      500sd     1,000sd"
"F1 Victoria",VCE35,Cauliflower,60,21,No,21,"F1 Victoria"
"F1 Monet",VCE02,Cauliflower,60,21,No,21,"F1 Monet"
"F1 Veronica",VOG202,Cauliflower,60,21,No,21,"F1 Veronica                                                                 Resistant to bolting; tolerant of"
"F1 Sunset",VCA485,Cauliflower,60,21,No,21,"F1 Sunset                             250sd     500sd       1,000sd"
Prinz,VCE08,Cauliflower,60,21,No,21,"Prinz (not shown)"
Minaret,VCA720,Cauliflower,60,21,No,21,"Minaret                             £9.10       £14.55       £23.25         early cultivation under glass,"
"An Romanesco",,Cauliflower,60,21,No,21,"An open pollinated Romanesco"
"F1 Greensleeves",VCE70,Cauliflower,60,21,No,21,"F1 Greensleeves"
Prinz,VOG232,Cauliflower,60,21,No,21,"Prinz (not shown)                  500sd 1,000sd 2,500sd"
"F1 Lazio",VCA520,Cauliflower,60,21,No,21,"F1 Lazio (not shown)"
"A Romanesco",,Cauliflower,60,21,No,21,"A Romanesco cauliflower variety                                                     £5.95 £12.55 £23.10 £41.25                   10,000sd 25,000sd"
"Giant Prague",VCE10,Cauliflower,60,21,No,21,"Giant Prague                      organic seed"
"F1 Trevi",VCA508,Cauliflower,60,21,No,21,"F1 Trevi                            (not shown)                     YP"
"Tall Utah",VOG235,Celeriac,60,21,No,21,"Tall Utah"
Celebrity,VCE20,Celeriac,60,21,No,21,"Celebrity (not shown)                                                     VGR27 Mustard, Brown                    Mixes"
"Green Mix",VCO010,Celeriac,60,21,No,21,"Green Mix"
"Golden Self",VCE40,Celeriac,60,21,No,21,"Golden Self                                                                250g 500g           1kg     21/2kg"
"Mustard, White",VGR28,Celeriac,60,21,No,21,"Mustard, White"
"Super Mix",VCO020,Celeriac,60,21,No,21,"Super Mix"
"Green Soup",VCE45,Celeriac,60,21,No,21,"Green Soup                                                                grams/sqm). Quick growing, to a"
Alfalfa,VGR10,Celeriac,60,21,No,21,"Alfalfa (not shown)"
"Red Soup",VCE50,Celeriac,60,21,No,21,"Red Soup                           10kg/acre (2.5 grams/sqm). Avoid"
"Soil+ Mix",VCO030,Celeriac,60,21,No,21,"Soil+ Mix"
Phacelia,VGR30,Celeriac,60,21,No,21,"Phacelia                          soil compaction, with the benefit"
"PreCob Mix",VCO040,Celeriac,60,21,No,21,"PreCob Mix"
Buckwheat,VGR12,Celeriac,60,21,No,21,"Buckwheat                        VGR35 Red Clover (not shown)            (not shown)"
"White Clover",VGR38,Celeriac,60,21,No,21,"White Clover"
"Brussels Whitloof",VCH10,Celeriac,60,21,No,21,"Brussels Whitloof                                                         (not shown)                             acre (5 grams/sqm)."
"Forage Pea",VGR22,Celeriac,60,21,No,21,"Forage Pea (not shown)           period and good regeneration rate."
"PreSpud Mix",VCO050,Celeriac,60,21,No,21,"PreSpud Mix"
"Winter Tares",VGR40,Celeriac,60,21,No,21,"Winter Tares                      and adds biomass. Contains 80%"
"Forage Rye",VGR25,Celeriac,60,21,No,21,"Forage Rye (not shown)           Also known as Purple Vetch. A           Radish. Can be sown during the"
"Brussels Witloof",VOG238,Celeriac,60,21,No,21,"Brussels Witloof                  For August-November sowings at         nitrogen-fixing plant for sowing        spring, summer and early autumn"
"F1 Passandra",VCU015,Cucumber,60,21,No,21,"F1 Passandra"
"F1 Saturn",VCU075,Cucumber,60,21,No,21,"F1 Saturn               YP       £10.45 £37.30 £175.90 £335.00"
"F1 Passandra",VOG295,Cucumber,60,21,No,21,"F1 Passandra"
Cresso,VOG271,Cucumber,60,21,No,21,Cresso
"F1 Carmen",VCU013,Cucumber,60,21,No,21,"F1 Carmen"
"F1 Pony",VCU140,Cucumber,60,21,No,21,"F1 Pony                  YP"
"F1 Flamingo",VOG280,Cucumber,60,21,No,21,"F1 Flamingo                      skin, with excellent flavour and"
"Water Cress",VCR20,Cucumber,60,21,No,21,"Water Cress (not shown)         £13.40 £47.90 £225.75 £430.00                                                  texture. Most productive when"
"Land Cress",VCR30,Cucumber,60,21,No,21,"Land Cress (not shown)                                                 slightly ribbed type, for production     £9.35 £33.40 £157.50 £300.00"
"F1 Femspot",VCU070,Cucumber,60,21,No,21,"F1 Femspot               YP"
"F1 Delistar",VCU160,Cucumber,60,21,No,21,"F1 Delistar                 YP"
"F1 Paska",VOG300,Cucumber,60,21,No,21,"F1 Paska                         This unusual variety features very"
"F1 Louisa",VCU060,Cucumber,60,21,No,21,"F1 Louisa                YP"
Lemon,VCU125,Cucumber,60,21,No,21,"Lemon (not shown)"
"Blond Full Heart",VOG315,Cucumber,60,21,No,21,"Blond Full Heart                  E"
Peticue,VCU165,Cucumber,60,21,No,21,"Peticue                 YP"
"F1 Partner",VCU097,Cucumber,60,21,No,21,"F1 Partner                       Endive is similar to lettuce but"
Telegraph,VCU100,Cucumber,60,21,No,21,"Telegraph                         indoor and outdoor production. A"
Rosy,VEN55,Cucumber,60,21,No,21,Rosy
"F1 Enforcer",VCU106,Cucumber,60,21,No,21,"F1 Enforcer                                                             A rustic looking variety with lightly"
Sonja,VOG312,Cucumber,60,21,No,21,"Sonja                             used as scion material with this       VEN35 Kokyta"
Rosy,VEN56,Cucumber,60,21,No,21,Rosy
"F1 Burpless Tasty",VCU110,Cucumber,60,21,No,21,"F1 Burpless Tasty                100plt 250plt 500plt 1,000plt"
Marketmore,VCU120,Cucumber,60,21,No,21,Marketmore
"F1 Alhambra",VCU095,Cucumber,60,21,No,21,"F1 Alhambra                           10g       25g        50g           split pills                             VEN82 Primafine"
Dafne,VEN45,Cucumber,60,21,No,21,"Dafne                             attractive dark colour and fine frills"
Marketmore,VOG305,Cucumber,60,21,No,21,"Marketmore                                                              in heart."
"Basil, Gustosa",VHE035,Cucumber,60,21,No,21,"Basil, Gustosa"
Angelica,VHE010,Cucumber,60,21,No,21,"Angelica (Angelica"
"Basil, Gustosa",VOG741,Cucumber,60,21,No,21,"Basil, Gustosa"
"Basil, Greek",VHE055,Cucumber,60,21,No,21,"Basil, Greek                      £2.15    £4.00      £9.20"
Anise,VHE020,Cucumber,60,21,No,21,"Anise                            £1.90      £3.25     £5.95"
"Basil, Nicola",VHE038,Cucumber,60,21,No,21,"Basil, Nicola"
"F1 Rondo",VFE12,Cucumber,60,21,No,21,"F1 Rondo                                                                                                     for all year round cultivation,"
"Basil, Sweet",VHE050,Cucumber,60,21,No,21,"Basil, Sweet 		                       £23.30      £53.95"
"Balm, Lemon",VHE030,Cucumber,60,21,No,21,"Balm, Lemon                    shiny green leaves, plant height"
"F1 Rondo",VFE15,Cucumber,60,21,No,21,"F1 Rondo                         Perennial: 2,000 seeds per gram.      soups and fruit preserves. 25"
"F1 Rondo",VOG322,Cucumber,60,21,No,21,"F1 Rondo                            21/2g       5g          10g              £9.45      £21.90"
"Basil, Cinnamon",VHE052,Cucumber,60,21,No,21,"Basil, Cinnamon"
"Basil, Sweet",VOG740,Cucumber,60,21,No,21,"Basil, Sweet"
"Zefa Fino",VFE10,Cucumber,60,21,No,21,"Zefa Fino (not shown)                                                                                        flavour and a strong cinnamon"
"Balm, Lemon",VOG737,Cucumber,60,21,No,21,"Balm, Lemon                       £1.90     £3.50      £6.50         for 1,000 9cm pots."
"Basil, Bush",VHE040,Cucumber,60,21,No,21,"Basil, Bush                            £12.90    £23.85"
"Basil, Red Dark",VHE060,Cucumber,60,21,No,21,"Basil, Red Dark"
"Zefa Fino",VOG320,Cucumber,60,21,No,21,"Zefa Fino                                                             half the size of sweet basil. Used    Purplish bronze ornamental foliage"
Chamomile,VHE130,Cucumber,60,21,No,21,"Chamomile (Matricaria"
Borage,VHE090,Cucumber,60,21,No,21,"Borage (Borago                          £11.95     £22.15"
"Basil, Red",VHE064,Cucumber,60,21,No,21,"Basil, Red                                                             Annual: 65 seeds per gram. Bushy        VOG755 Chamomile"
"Basil, Lemon",VHE075,Cucumber,60,21,No,21,"Basil, Lemon                   beekeepers. Used for flavouring"
"Chamomile, Sweet",VHE120,Cucumber,60,21,No,21,"Chamomile, Sweet"
Borage,VOG750,Cucumber,60,21,No,21,"Borage                           smelling foliage. Height 15-30cm."
Burnet,VHE100,Cucumber,60,21,No,21,"Burnet (Poterium                       £11.50       £26.65"
"Basil, Floral Spires",VHE057,Cucumber,60,21,No,21,"Basil, Floral Spires                                                      25g       50g       100g"
"Basil, Siam Queen",VHE085,Cucumber,60,21,No,21,"Basil, Siam Queen                £2.05     £3.75      £6.95"
Caraway,VHE110,Cucumber,60,21,No,21,"Caraway (Carum"
"Chervil, Curled",VHE140,Cucumber,60,21,No,21,"Chervil, Curled"
"Basil, Sweet Thai",VOG743,Cucumber,60,21,No,21,"Basil, Sweet Thai                  25g        50g       100g           cut dark green leaves. Height 20-"
"Basil, Green Ruffles",VHE070,Cucumber,60,21,No,21,"Basil, Green Ruffles                                                      £1.90      £2.40      £4.45          40cm. Used for flavouring salads"
Caraway,VOG752,Cucumber,60,21,No,21,"Caraway                                  250g       500g"
Chives,VHE150,Cucumber,60,21,No,21,"Chives (Allium"
Catnip,VHE115,Cucumber,60,21,No,21,"Catnip (Nepeta                   foliage, useful for salads and"
"Basil, Purple",VHE080,Cucumber,60,21,No,21,"Basil, Purple                             25g        50g               cataria) (not shown)                    soups. 30 seeds per 11cm pot."
Chives,VOG760,Cucumber,60,21,No,21,Chives
"Dill Diana",VHE182,Cucumber,60,21,No,21,"Dill Diana"
"Chives, Polystar",VHE152,Cucumber,60,21,No,21,"Chives, Polystar                                                                                             Annual: 900 seeds per gram. A"
"Coriander Confetti",VHE168,Cucumber,60,21,No,21,"Coriander Confetti                                                    very upright and stable selection."
"Coriander Cruiser",VHE173,Cucumber,60,21,No,21,"Coriander Cruiser                habit. Especially robust against"
"Chives, Garlic",VHE160,Cucumber,60,21,No,21,"Chives, Garlic                                                       Seed rate: 5kg per acre."
"Coriander Slobolt",VOG770,Cucumber,60,21,No,21,"Coriander Slobolt"
"Coriander Santos",VHE172,Cucumber,60,21,No,21,"Coriander Santos              5kg per acre.                           VOG790 Dill Hera"
Cumin,VHE175,Cucumber,60,21,No,21,"Cumin (Cuminum                       10g       25g        50g"
Coriander,VHE170,Cucumber,60,21,No,21,"Coriander                                                            Annual: 300 seeds per gram. Grass"
"Dill Dukat",VHE184,Cucumber,60,21,No,21,"Dill Dukat"
Dill,VHE180,Cucumber,60,21,No,21,"Dill (Anethum                    9cm pots."
"Coriander Calypso",VHE174,Cucumber,60,21,No,21,"Coriander Calypso"
Dill,VOG785,Cucumber,60,21,No,21,Dill
"Fennel, Common",VHE190,Cucumber,60,21,No,21,"Fennel, Common"
"Marjoram, Pot",VHE280,Cucumber,60,21,No,21,"Marjoram, Pot"
"Marjoram, Pot",VOG795,Cucumber,60,21,No,21,"Marjoram, Pot"
Pennyroyal,VHE315,Cucumber,60,21,No,21,Pennyroyal
"Lemon Grass",VHE255,Cucumber,60,21,No,21,"Lemon Grass                                                                  £17.50      £40.45"
"Fennel, Bronze",VHE200,Cucumber,60,21,No,21,"Fennel, Bronze                (Cymbopogon flexuosus)                                                       For Rocket see page 219"
"Marjoram Sweet",VHE290,Cucumber,60,21,No,21,"Marjoram Sweet"
"Hyssop Blue",VHE230,Cucumber,60,21,No,21,"Hyssop Blue                   VHE260 Lovage"
Rosemary,VHE350,Cucumber,60,21,No,21,Rosemary
"Marjoram, Sweet",VOG800,Cucumber,60,21,No,21,"Marjoram, Sweet"
Rosemary,VOG805,Cucumber,60,21,No,21,Rosemary
"Mint, Green",VHE312,Cucumber,60,21,No,21,"Mint, Green                          £40.90      £94.60"
"Hyssop, Pink",VHE232,Cucumber,60,21,No,21,"Hyssop, Pink                  VHE270 Marigold, Pot                   Perennial: 13,500 seeds per gram.     VHE360 Rue (Ruta graveolens)"
Tansy,VHE430,Cucumber,60,21,No,21,Tansy
"Welsh Onion,",VHE460,Onion,60,21,No,21,"Welsh Onion,"
"F1 Ballot",VKO10,Onion,60,21,No,21,"F1 Ballot           Poly Glas"
"Welsh Onion, Red",VHE465,Onion,60,21,No,21,"Welsh Onion, Red                 Resistant to bolting, stem splitting"
"Tarragon, Russian",VHE440,Onion,60,21,No,21,"Tarragon, Russian            (Allium fistulosum) (not shown)         and lignification. Maturity time is"
Sage,VHE370,Onion,60,21,No,21,"Sage (Salvia officinalis)       Perennial: 6,000 seeds per gram.    Similar to Welsh Onion White but"
Sage,VOG810,Onion,60,21,No,21,"Sage                                    £9.15      £21.15            fresh sales and PYO, can be"
"Azur Star",VOG330,Onion,60,21,No,21,"Azur Star"
"Savory, Summer",VHE380,Onion,60,21,No,21,"Savory, Summer                                                       to October. 250,000 seeds per          Ideal variety for early greenhouse"
"Kohl Rabi Purple",VKO30,Onion,60,21,No,21,"Kohl Rabi Purple                  cold greenhouse production,"
"Thyme, English",VHE450,Onion,60,21,No,21,"Thyme, English               A Kohl Rabi variety produced"
"Savory, Winter",VHE390,Onion,60,21,No,21,"Savory, Winter                  seasoning and stuffings.               50g       100g       250g"
"Thyme, English",VOG820,Onion,60,21,No,21,"Thyme, English"
"Sorrel, Broad",VHE400,Onion,60,21,No,21,"Sorrel, Broad                                                                                               VKO22 F1 Kref           Poly Glas"
"Thyme, Purple",VHE455,Onion,60,21,No,21,"Thyme, Purple                                                        A very early light green variety,"
Noriko,VOG342,Onion,60,21,No,21,Noriko
"F1 Matejko",VLE040,Onion,60,21,No,21,"F1 Matejko"
"F1 Exeter",VLE092,Onion,60,21,No,21,"F1 Exeter"
Musselburgh,VLE060,Onion,60,21,No,21,"Musselburgh                                                    cleaning ability. Good uniformity"
"F1 Oslo",VOG388,Onion,60,21,No,21,"F1 Oslo NEW"
Zermatt,VLE015,Onion,60,21,No,21,"Zermatt (not shown)                                          10g     25g      50g     100g"
Tornado,VLE085,Onion,60,21,No,21,"Tornado (not shown)                                    250sd     500sd     1,000sd"
Porbella,VLE062,Leek,60,21,No,21,Porbella
"F1 Lancaster",VLE088,Leek,60,21,No,21,"F1 Lancaster NEW"
"F1 Tempest",VLE046,Leek,60,21,No,21,"F1 Tempest NEW                                                500sd 1,000sd 2,500sd                                               organic seed                                              foliage and good shank length."
Tadorna,VOG385,Leek,60,21,No,21,"Tadorna                                            Excellent uniformity. Ideal for pre-"
Porbella,VLE064,Leek,60,21,No,21,"Porbella                                                      leaf spot.                                                   £9.20      £14.35    £22.90"
"Winter Giant",VLE080,Leek,60,21,No,21,"Winter Giant 3"
New,VLE046,Leek,60,21,No,21,New
organic,VOG385,Leek,60,21,No,21,"organic option                                                                                                                                    system reduces the incidence of"
organic,VOG388,Leek,60,21,No,21,"organic option New                                                                                                                                     lodging. Suitable for harvesting"
New,VLE088,Leek,60,21,No,21,New
Eliana,VLE161,Lettuce,60,21,No,21,Eliana
Analora,VOG412,Lettuce,60,21,No,21,Analora
Donatella,VLE176,Lettuce,60,21,No,21,"Donatella                     for harvesting April-October.         autumn production. Resistance"
"All Year Round",VLE225,Lettuce,60,21,No,21,"All Year Round"
Eliana,VLE162,Lettuce,60,21,No,21,"Eliana                         Compact hearts, long cropping"
"Crisp Iceberg",,Lettuce,60,21,No,21,"Crisp / Iceberg / Batavian: crisp"
Brighton,VOG414,Lettuce,60,21,No,21,"Brighton                         Justine                                10g        25g        50g"
"Icebergs,",,Lettuce,60,21,No,21,"thinner leaves than Icebergs, but       A large framed butterhead                                                          100g        250g"
"Curled Oak Leaf",,Lettuce,60,21,No,21,"Curled / Oak Leaf / Salad Bowl:         with good colour. Suitable for                                               Matrioska"
Justine,VLE154,Lettuce,60,21,No,21,Justine
"Lollo Bionda",,Lettuce,60,21,No,21,"curled leaves. Lollo Bionda varieties                                        and summer cultivation. Pale,"
"Lollo Rossa",,Lettuce,60,21,No,21,"are green, Lollo Rossa varieties are                                         smooth, glossy head with"
Matrioska,VLE220,Lettuce,60,21,No,21,Matrioska
Marvel,VLE345,Lettuce,60,21,No,21,"Marvel of Four 		              nice bubbling. Well closed base."
Sylvesta,VOG418,Lettuce,60,21,No,21,"Sylvesta                      900 seeds per gram."
Frank,VLE240,Lettuce,60,21,No,21,"Frank                            Resistant to tipburn. Sow March-             100g       250g"
Marvel,VOG413,Lettuce,60,21,No,21,"Marvel of Four"
"Gem Types",,Lettuce,60,21,No,21,"Little Gem Types                                                                 Cos / Romaine Types"
Sally,VLE679,Lettuce,60,21,No,21,"Sally                       YP                                            VLE685 Tantan"
"A Little",,Lettuce,60,21,No,21,"A high quality Little Gem type, with                                             One of the best small Cos              split pills"
Faro,VLE697,Lettuce,60,21,No,21,"Faro                   YP"
Maureen,VOG421,Lettuce,60,21,No,21,"Maureen                         with good green colour and             An excellent midi sized variety."
"Lobjoit’s Green",VLE700,Lettuce,60,21,No,21,"Lobjoit’s Green"
Maureen,VOG422,Lettuce,60,21,No,21,Maureen
Sally,VLE680,Lettuce,60,21,No,21,"Sally                      YP      100plt 250plt 500plt 1,000plt                                                 best flavoured Cos varieties. For"
"Little Gem",VLE690,Lettuce,60,21,No,21,"Little Gem                                                                                                          £2.80      £6.45     £11.90"
Xiomara,VLE686,Lettuce,60,21,No,21,Xiomara
Stonsay,VLE790,Lettuce,60,21,No,21,"Stonsay                          £4.35 £9.15 £16.80 £30.00"
"Paris Island Cos",VLE725,Lettuce,60,21,No,21,"Paris Island Cos YP"
Xiomara,VOG432,Lettuce,60,21,No,21,"Xiomara                         A Lobjoit’s type but with a pale"
Jeluna,VLE282,Lettuce,60,21,No,21,"Jeluna                              5g        10g        25g"
Moonred,VLE692,Lettuce,60,21,No,21,"Moonred                YP           £5.60 £11.80 £21.70 £38.75            A large sized Romaine lettuce,            £1.90     £3.20      £7.35"
"Paris Island Cos",VOG442,Lettuce,60,21,No,21,"Paris Island Cos"
Moonred,VOG452,Lettuce,60,21,No,21,"Moonred             YP                                                    VOG462 Jeluna                          developed for babyleaf"
"Crisp Types Iceberg",,Lettuce,60,21,No,21,"Crisp Types - Iceberg                                                             Maritima                               Cancan"
Saladin,VLE560,Lettuce,60,21,No,21,Saladin
Cancan,VLE206,Lettuce,60,21,No,21,"Cancan                 YP"
Maritima,VLE410,Lettuce,60,21,No,21,"Maritima                        appearance. A non-hearting type"
Gondar,VLE575,Lettuce,60,21,No,21,"Gondar                            recommended. 800 seeds per gram.       A reliable variety producing a         suitable for ‘cut and come again’"
"An Iceberg",,Lettuce,60,21,No,21,"An excellent quality Iceberg ­lettuce                                           decent head with good volume and       or full head production. Good"
Robinson,VLE594,Lettuce,60,21,No,21,Robinson
Emocion,VLE422,Lettuce,60,21,No,21,"Emocion                         split pills"
Frillice,VLE450,Lettuce,60,21,No,21,Frillice
Donovan,VLE580,Lettuce,60,21,No,21,"Donovan                           to Bremia BL 17,19. 800 seeds per      against tipburn and bolting. For"
"A Iceberg",,Lettuce,60,21,No,21,"A flexible Iceberg variety, with         gram.                                  harvesting early May to late"
Robinson,VLE595,Lettuce,60,21,No,21,Robinson
Iceberg,,Lettuce,60,21,No,21,"Iceberg                                  Great Lakes 659"
Ezflor,VLE208,Lettuce,60,21,No,21,"Ezflor NEW"
"Florine Red",VLE438,Lettuce,60,21,No,21,"Florine Red                     glossy red colour and distinctive"
Iceberg,VLE400,Lettuce,60,21,No,21,"Iceberg                                                                  outdoor production. Features           production with one basal cut"
"Great Lakes",VLE510,Lettuce,60,21,No,21,"Great Lakes 659                 a good structure with a closed         giving multiple equal sized leaves."
Iceberg,,Lettuce,60,21,No,21,"Iceberg type. 750 seeds per gram.         seeds per gram.                       to Lettuce Aphid (Nasonovia            Aphid (Nasonovia ribisnigri),"
Vizir,VLE756,Lettuce,60,21,No,21,"Vizir                           VLE767 Bolero                      VLE655 Granite                        VLE648 Lea NEW"
Alonix,VLE444,Lettuce,60,21,No,21,"Alonix                      organic split pills"
Admir,VOG461,Lettuce,60,21,No,21,"Admir                           A bright red oakleaf variety.      VOG454 Ilema                          split pills"
Solmar,VLE650,Lettuce,60,21,No,21,Solmar
Alonix,VOG444,Lettuce,60,21,No,21,"Alonix                                                              Senorita"
Green,VLE670,Lettuce,60,21,No,21,"Green                             Salad Bowl, Green"
Red,VLE660,Lettuce,60,21,No,21,Red
Senorita,VOG402,Lettuce,60,21,No,21,Senorita
"Lollo Bionda",VLE610,Lettuce,60,21,No,21,"Lollo Bionda           YP      variety with excellent growing"
Open,,Lettuce,60,21,No,21,"Open leaved lettuce, like Lollo       power. Open formation to head"
Green,VOG405,Lettuce,60,21,No,21,"Green                                                              Rossa in habit and cropping but       with medium-rough curly texture"
Red,VOG408,Lettuce,60,21,No,21,"Red                                                                leaves. 800 seeds per gram.           use; both for indoor and outdoor"
Chiara,VLE822,Lettuce,60,21,No,21,"Chiara (not shown)"
Matador,VLE643,Lettuce,60,21,No,21,"Matador                   YP"
"A Lollo",,Lettuce,60,21,No,21,"A triple red Lollo Rossa variety,"
Nelson,VLE824,Lettuce,60,21,No,21,Nelson
"F1 Lottie",VME32,Lettuce,60,21,No,21,"F1 Lottie"
"F1 Charmont",VME12,Lettuce,60,21,No,21,"F1 Charmont                                           YP Poly Glas"
"Lollo Rossa",,Lettuce,60,21,No,21,"Lollo Rossa                                                                 prolific yield of deep round shaped     The sweet flesh has a Brix of 15o."
Arcade,VLE814,Lettuce,60,21,No,21,"Arcade                           Fusarium (0,1,2) and powdery"
"Lollo Rossa",VLE620,Lettuce,60,21,No,21,"Lollo Rossa            YP       Lettuce Aphid (Nasonovia ribisnigri)."
"Lollo Rossa",VOG470,Lettuce,60,21,No,21,"Lollo Rossa"
"F1 Galia",VME40,Lettuce,60,21,No,21,"F1 Galia"
Copacabana,VLE864,Lettuce,60,21,No,21,"Copacabana                                                               type hybrid that produces very"
Ogen,VME20,Lettuce,60,21,No,21,"Ogen          YP Poly Glas        uniform, round fruit, with a small"
"F1 Jade Lady",VME30,Lettuce,60,21,No,21,"F1 Jade Lady"
Mixed,VLE860,Lettuce,60,21,No,21,"Mixed (not shown)               VLE872 Simphony                         The flesh is tender, light green in"
"F1 Budgie",VME42,Lettuce,60,21,No,21,"F1 Budgie                                                                                                     A. cepa x A. fistulosum"
Tipika,VON090,Lettuce,60,21,No,21,Tipika
Marksman,VON010,Lettuce,60,21,No,21,Marksman
"F1 Little Darling",VME52,Lettuce,60,21,No,21,"F1 Little Darling                                                                                                £3.95     £13.70    £29.80"
Reddy,VON185,Lettuce,60,21,No,21,Reddy
Ramrod,VON020,Onion,60,21,No,21,Ramrod
Ishikura,VON165,Onion,60,21,No,21,Ishikura
"North Holland",VON180,Onion,60,21,No,21,"North Holland 		                                                        £43.75 £81.00 £150.00"
"F1 Champagne",VME55,Onion,60,21,No,21,"F1 Champagne                     popular with the hotel trade."
"White Lisbon",VON120,Onion,60,21,No,21,"White Lisbon"
Borettana,VON155,Onion,60,21,No,21,"Borettana                       quickly. Medium green foliage."
Entita,VON162,Onion,60,21,No,21,Entita
"White Lisbon",VOG508,Onion,60,21,No,21,"White Lisbon                   early summer sowings. Medium"
Rijnsburger,VON175,Onion,60,21,No,21,"Rijnsburger 5"
"Ailsa Craig",VON060,Onion,60,21,No,21,"Ailsa Craig      YP"
Karmen,VON085,Onion,60,21,No,21,Karmen
"F1 Santero",VON265,Onion,60,21,No,21,"F1 Santero"
"F1 Hybound",VON236,Onion,60,21,No,21,"F1 Hybound                       500sd 1,000sd 2,500sd                VON080 Kosma"
Tosca,VON215,Onion,60,21,No,21,Tosca
"F1 Hybound",VON238,Onion,60,21,No,21,"F1 Hybound                                                               Red Baron                             grams each. Attractive light brown"
Globo,VON270,Onion,60,21,No,21,"Globo                    YP                                               £2.95 £6.80 £12.60 £23.30"
"F1 Hybound",VOG494,Onion,60,21,No,21,"F1 Hybound NEW                 weigh 250-350 grams from a spring"
"Red Baron",VON035,Onion,60,21,No,21,"Red Baron              YP"
"F1 Fasto",VON243,Onion,60,21,No,21,"F1 Fasto"
"Red Baron",VON040,Onion,60,21,No,21,"Red Baron"
"Long De Florence",VON210,Onion,60,21,No,21,"Long De Florence"
"F1 Fasto",VON246,Onion,60,21,No,21,"F1 Fasto                                                              VOG496 Red Baron                         Europe. Perfect as a raw slicer."
"F1 Cupido",VOS030,Onion,60,21,No,21,"F1 Cupido                        texture, shape and flavour of"
Planting,,Onion,60,21,No,21,"Planting                             Stuttgarter type. Suited to long"
"F1 Element",VON222,Onion,60,21,No,21,"F1 Element                                                         term storage."
"Wong Bok",VOR002,Onion,60,21,No,21,"Wong Bok"
Michihili,VOR012,Onion,60,21,No,21,"Michihili (not shown)"
"F1 Toughball",VON225,Onion,60,21,No,21,"F1 Toughball                  bolting in early plantings.                                                  Tall, cyclindrical shaped head, with"
"F1 Contado",VOS035,Onion,60,21,No,21,"F1 Contado                         £23.35 £43.20          £80.00"
"F1 Preduro",VOR004,Onion,60,21,No,21,"F1 Preduro"
Senshyu,VON100,Onion,60,21,No,21,"Senshyu (not shown)           and mature in order to achieve                                               colour. Cylindrical shape. Very"
Sturon,VOS040,Onion,60,21,No,21,"Sturon (not shown)                  250sd     500sd      1,000sd"
"Red Baron",,Onion,60,21,No,21,"Red Baron"
"F1 Questar",VOR007,Onion,60,21,No,21,"F1 Questar"
"F1 Matador",VON300,Onion,60,21,No,21,"F1 Matador                    VOS020 F1 Corrado                    VOS045 Red Baron                        shape and nice dark green colour."
"F1 Yuushou",VOR047,Onion,60,21,No,21,"F1 Yuushou                      VOR058 F1 Baraku (not shown)           VOR084 F1 Red (not shown)"
Green,VOR060,Onion,60,21,No,21,"Green (not shown)               VOR035 Red (not shown)"
"F1 Scarvita",VOR009,Onion,60,21,No,21,"F1 Scarvita                                                                                                       VOR037 Green (not shown)"
White,VOR062,Onion,60,21,No,21,"White (not shown)"
"F1 Goku",VOR046,Onion,60,21,No,21,"F1 Goku                         VOR080 Tah Tsai (not shown)            leaf which has a sweet mustard"
Golden,VOR090,Onion,60,21,No,21,"Golden (not shown)"
Ruby,VOR092,Onion,60,21,No,21,"Ruby (not shown)"
"F1 Red Lady",VOR016,Onion,60,21,No,21,"F1 Red Lady"
"F1 Joi Choi",VOR050,Onion,60,21,No,21,"F1 Joi Choi                                                            VOR095 Red Aztec"
"F1 Rozetto",VOR088,Onion,60,21,No,21,"F1 Rozetto                      An improved Red Amaranth"
"F1 Mei Qing",VOR045,Onion,60,21,No,21,"F1 Mei Qing Choi                                                              100g      250g      500g                50g       100g       250g"
"Dwarf Canton",VOR054,Onion,60,21,No,21,"Dwarf Canton                      £22.05 £51.05       £94.50             £15.35 £28.35         £65.65"
"Tatsoi Micro",VOR086,Onion,60,21,No,21,"Tatsoi Micro                    VOR064 Amaranth Micro"
"Leaf Radish Rioja",VOR079,Onion,60,21,No,21,"Leaf Radish Rioja"
"Choy Sum Gunsho",VOR072,Onion,60,21,No,21,"Choy Sum Gunsho"
"Orach Scarlet",VOR041,Radish,60,21,No,21,"Orach Scarlet"
"Dwarf Cape",VOR150,Radish,60,21,No,21,"Dwarf Cape                                                           		              Emperor"
Mibuna,VOR020,Radish,60,21,No,21,"Mibuna (not shown)             Vibrant purple red, spade shaped"
"Chopsuey Greens",VOR130,Radish,60,21,No,21,"Chopsuey Greens                  ‘Ground Berry’. A dwarf version"
"Giant Cape",VOR140,Radish,60,21,No,21,"Giant Cape                                                           Green Perilla has a Cinnamon"
"Corn Salad Verte",VOR010,Radish,60,21,No,21,"Corn Salad Verte                                                                                             product, with Sushi or as garnish."
Red,VOR110,Lettuce,60,21,No,21,Red
Mizuna,VOR025,Lettuce,60,21,No,21,Mizuna
Green,VOR120,Lettuce,60,21,No,21,Green
Mizuna,VOG485,Lettuce,60,21,No,21,Mizuna
"Kailaan Kichi",VOR074,Lettuce,60,21,No,21,"Kailaan Kichi"
"Corn Salad Vit",VOG240,Lettuce,60,21,No,21,"Corn Salad Vit                  stem and bud eating quality. Later     organic seed                         VOR098 Sorrel, Red Veined"
"Red Mizuna",VOG486,Lettuce,60,21,No,21,"Red Mizuna                    Attractive bright green leaves"
Komatsuna,VOR102,Lettuce,60,21,No,21,"Komatsuna                          100g       250g       500g"
"Texsel Greens",VOR076,Lettuce,60,21,No,21,"Texsel Greens"
"F1 April Cross",VOR030,Lettuce,60,21,No,21,"F1 April Cross                 Derived from Ethiopian Mustard,"
"F1 Palace",VPA90,Lettuce,60,21,No,21,"F1 Palace"
Bravour,VPA10,Lettuce,60,21,No,21,"Bravour                 YP                                           Shallow crowns and wedge"
"Italian Giant",VPA35,Lettuce,60,21,No,21,"Italian Giant             YP   pack work. Maincrop variety,"
"Spicy Greens Mix",VOR180,Lettuce,60,21,No,21,"Spicy Greens Mix                                                       10g      25g      50g     100g        £3.60     £8.50    £28.40"
"F1 Palace",VPA93,Lettuce,60,21,No,21,"F1 Palace"
"Italian Giant",VOG525,Lettuce,60,21,No,21,"Italian Giant                   1,000plt 2,500plt 10,000plt"
Guernsey,VPA45,Lettuce,60,21,No,21,"Guernsey (not shown)"
"Champion Moss",VPA20,Lettuce,60,21,No,21,"Champion Moss 		 YP             crop, popular as a large standard    due to its shorter roots. Features"
"Oriental Mix",VOR185,Lettuce,60,21,No,21,"Oriental Mix                     10g      25g      50g    100g       standing ability and long shelf        £2.60       £4.80        £8.85"
"White Gem",VPA55,Lettuce,60,21,No,21,"White Gem (not shown)"
"Moss Curled",VOG510,Lettuce,60,21,No,21,"Moss Curled                    February.                            variety, medium sized with good"
"F1 Gladiator",VPA73,Lettuce,60,21,No,21,"F1 Gladiator (not shown)       skin quality."
"Plain Leaf",VPA30,Lettuce,60,21,No,21,"Plain Leaf                      large roots with very good canker"
"All Greens Mix",VOR190,Lettuce,60,21,No,21,"All Greens Mix                   £21.90 £40.50        £75.00"
"Plain Leaf",VOG520,Lettuce,60,21,No,21,"Plain Leaf                     VPA75 F1 Gladiator"
Element,VPE038,Lettuce,60,21,No,21,"Element NEW"
Oasis,VPE120,Peas,60,21,No,21,Oasis
Onward,VPE060,Peas,60,21,No,21,"Onward                 YP"
"Kelvedon Wonder",VPE050,Peas,60,21,No,21,"Kelvedon Wonder                   £3.40      £5.35     £11.80"
Meteor,VPE025,Peas,60,21,No,21,"Meteor 		                      dwarf (45cm) variety.                     Charlie                            VOG560 Rondo (not shown)"
"Early Onward",VPE040,Peas,60,21,No,21,"Early Onward                                                            £4.55    £7.25     £11.35"
Infinity,VPE170,Peas,60,21,No,21,Infinity
Avola,VPE012,Peas,60,21,No,21,"Avola NEW"
Charlie,VPE110,Peas,60,21,No,21,"Charlie                        A very late maturing afila (semi"
"Progress No.",VPE065,Peas,60,21,No,21,"Progress No. 9                                                        extension. Resistant to powdery"
Alderman,VPE180,Peas,60,21,No,21,"Alderman (not shown)"
"Hurst Greenshaft",VPE090,Peas,60,21,No,21,"Hurst Greenshaft"
"Progress No.",VOG550,Peas,60,21,No,21,"Progress No. 9                  High yielding variety with dark"
"Petit Provencal",VPE192,Peas,60,21,No,21,"Petit Provencal"
Jubilee,VPE152,Peas,60,21,No,21,"Jubilee                        VOG540 Karina (not shown)                                                    (not shown)"
Realm,VPE130,Peas,60,21,No,21,"Realm NEW"
Norli,VOG535,Pepper,60,21,No,21,"Norli (not shown)                                                        for the home gardener. High"
Apache,VHP10,Pepper,60,21,No,21,"Apache                     YP"
Delikett,VPE215,Pepper,60,21,No,21,"Delikett                           April. Seed rate 400-425g per          A dwarf, chili type pepper"
White,,Pepper,60,21,No,21,"White flowering.                          pollinated hot peppers.                      £64.40      £115.00"
Cheyenne,VHP30,Pepper,60,21,No,21,"Cheyenne                   YP"
"Sweet Horizon",VPE205,Pepper,60,21,No,21,"Sweet Horizon                                                           fruits, ideal for plant sales in pots"
Rocky,VHP52,Pepper,60,21,No,21,Rocky
Lusaka,VPE220,Pepper,60,21,No,21,"Lusaka                              Basket of Fire                        Jalapeno scarring. Can be harvested"
Basket,VHP84,Pepper,60,21,No,21,"Basket of Fire           YP"
The,,Pepper,60,21,No,21,"hot fruits. The fruits mature from"
Shiraz,VPE250,Pepper,60,21,No,21,"Shiraz                                                                                                          VHP58 Red Flame"
"Oregon Sugar Pod",VPE200,Pepper,60,21,No,21,"Oregon Sugar Pod               VPE260 Purple Magnolia                   Fruits mature from green to red,"
Green,VHP80,Pepper,60,21,No,21,"Green (not shown)"
Purple,VHP82,Pepper,60,21,No,21,Purple
"Red Air",VHP68,Pepper,60,21,No,21,"Red Air (not shown)                Hot - Open Pollinated                    VHP18 Demon Red                         VHP76 Jolokia Red"
Tolerant,,Pepper,60,21,No,21,"Tolerant of bacterial wilt. Medium                                                The flowers and upward pointing         extremely hot fruit that have a"
Santana,VHP14,Pepper,60,21,No,21,"Santana (not shown)                                                                                                 but sometimes the overall size"
"Scotch Bonnet Red",VHP36,Pepper,60,21,No,21,"Scotch Bonnet Red"
Red,VHP05,Pepper,60,21,No,21,"Red                                   50sd      100sd     250sd            VHP78 Trinidad Scorpion"
Yellow,VHP06,Pepper,60,21,No,21,"Yellow NEW                                500sd     1,000sd                An extremely hot chili variety"
Jalapeno,VHP44,Pepper,60,21,No,21,"Jalapeno M                        feature a distinctive tail and"
Red,VHP21,Pepper,60,21,No,21,"Red                                                                         A well known culinary variety with      red. Maximum fruit size is 5cm x"
"Cayenne Red",VHP20,Pepper,60,21,No,21,"Cayenne Red                        mild and tasty fruits. Produces a       3cm but often the overall size is"
Orange,VHP22,Pepper,60,21,No,21,"Orange                             (not shown)                              high yield of fruits typically 8-10cm   smaller. Needs high temperatures"
Yellow,VHP23,Pepper,60,21,No,21,"Yellow                             A hot, pungent pepper with long,         long, with a blunt end and thick        to germinate with the optimum"
Black,VHP24,Pepper,60,21,No,21,"Black                              red.                                                                             when handling fruit."
Tabasco,VHP45,Pepper,60,21,No,21,"Tabasco (not shown)"
Habahot,VHP16,Pepper,60,21,No,21,"Habahot (not shown)                Habanero (not shown)"
"Pot Black",VHP86,Pepper,60,21,No,21,"Pot Black (not shown)"
"Extremely Resistant",,Pepper,60,21,No,21,"Extremely hot. Resistant to TMV.                                                                                          attractive purple flowers. Small"
White,VHP31,Pepper,60,21,No,21,"White                                 50sd      100sd      250sd"
Chocolate,VHP32,Pepper,60,21,No,21,"Chocolate                                                                     50sd      100sd      250sd"
Red,VHP33,Pepper,60,21,No,21,"Red                                      £16.80      £30.00                  £10.60 £19.00         £42.30"
Orange,VHP34,Pepper,60,21,No,21,"Orange                                                                             500sd    1,000sd"
Yellow,VHP35,Pepper,60,21,No,21,Yellow
"Hot Lemon",VHP28,Pepper,60,21,No,21,"Hot Lemon"
The,,Pepper,60,21,No,21,"varieties. The hot fruits often                                                  a very different, unique flavour."
Quickfire,VHP08,Pepper,60,21,No,21,"Quickfire                          reach 0.8-1.3 million SHU at             Biquinho                                The immature fruits, which are"
Red,VHP61,Pepper,60,21,No,21,"Red NEW                            in size and have a mild heat when"
Yellow,VHP63,Pepper,60,21,No,21,"Yellow NEW                         ripe."
Orange,VHP65,Pepper,60,21,No,21,"Orange NEW                         VHP54 Red                                      £25.20      £45.00"
White,VHP67,Pepper,60,21,No,21,"White NEW                          VHP56 Yellow"
Protector,VHP96,Pepper,60,21,No,21,Protector
Mohawk,VSW192,Pepper,60,21,No,21,"Mohawk                          VSW190 Redskin"
Paradise,VSW270,Pepper,60,21,No,21,Paradise
"Red Star",VSW151,Pepper,60,21,No,21,"Red Star                                                              which are typically around 7-8cm"
"Golden Star",VSW152,Pepper,60,21,No,21,"Golden Star                                                           green to red. Compact growing"
"Bright Star",VSW153,Pepper,60,21,No,21,"Bright Star                                                              £8.25    £14.75       £32.90"
"Purple Star",VSW154,Pepper,60,21,No,21,"Purple Star"
Akron,VSW142,Pepper,60,21,No,21,"Akron (not shown)                VSW159 Star Mix                       VSW160 Mavras (not shown)"
Elfo,VSW144,Pepper,60,21,No,21,"Elfo                             colours.                              shiny purple, later turning into"
"Bell Boy",VSW120,Pepper,60,21,No,21,"Bell Boy                             £106.40 £190.00"
"Topepo Giallo",VSW172,Pepper,60,21,No,21,"Topepo Giallo                    organic seed                                                                 produced on these attractive,"
Bendigo,VOG570,Pepper,60,21,No,21,"Bendigo (not shown)                                                   coloured, tapered fruits are"
Nirvana,VSW275,Pepper,60,21,No,21,Nirvana
Lemon,VSW162,Pepper,60,21,No,21,Lemon
Tangerine,VSW164,Pepper,60,21,No,21,Tangerine
"Palla Rossa",VRA005,Radish,60,21,No,21,"Palla Rossa 3                        Bandito"
"F1 Bandito",VRA064,Radish,60,21,No,21,"F1 Bandito"
"Palla Rossa",VOG595,Radish,60,21,No,21,"Palla Rossa 3                     August. Uniform shape with thick"
Leonardo,VRA020,Radish,60,21,No,21,"Leonardo                          VRA065 F1 Celesta Poly Glas"
"Garden Merit.",,Radish,60,21,No,21,"Garden Merit.                              A productive variety for harvesting      A hybrid Cherry Belle type with"
Leonardo,VOG593,Radish,60,21,No,21,"Leonardo                          organic seed"
"F1 Celesta",VOG606,Radish,60,21,No,21,"F1 Celesta"
"F1 Logo",VRA042,Radish,60,21,No,21,"F1 Logo"
Viola,VRA130,Radish,60,21,No,21,Viola
"Cherry Belle",VRA050,Radish,60,21,No,21,"Cherry Belle                       onwards. 50-80 seeds per gram.      trade. Produce outside during the"
Albena,VRA135,Radish,60,21,No,21,"Albena (not shown)                                                        Germinates between 10oC and         spring and summer, and under"
Cultivated,VRO10,Radish,60,21,No,21,"Cultivated (not shown)"
Victoria,VRH20,Radish,60,21,No,21,"Victoria (not shown)          Plain Rocket. Leaves can be"
Zlata,VRA140,Radish,60,21,No,21,"Zlata (not shown)                     £16.20       £30.00                This heavy yielding, long stalked"
"Cherry Belle",VOG602,Pepper,60,21,No,21,"Cherry Belle                          5g        10g       25g         colour. Very quick-maturing. 700"
Champagne,VRH30,Pepper,60,21,No,21,Champagne
"Scarlet Globe",VRA060,Pepper,60,21,No,21,"Scarlet Globe                     (not shown)"
Cultivated,VOG610,Pepper,60,21,No,21,Cultivated
"French Breakfast",VRA100,Pepper,60,21,No,21,"French Breakfast 3                Crowns                              VRO20 Wild (not shown)"
Diana,VRA145,Pepper,60,21,No,21,"Diana                                                                    charges apply to Rhubarb crowns     especially important. 4,500 sds/"
"Long White Icicle",VRA110,Pepper,60,21,No,21,"Long White Icicle                                                            £11.45      £21.20"
Wild,VOG620,Pepper,60,21,No,21,Wild
"Rainbow Mix",VRA150,Pepper,60,21,No,21,"Rainbow Mix                         50g      100g         250g                                                  £2.80     £5.15     £9.55"
"Oriental Rosa",VOG500,Pepper,60,21,No,21,"Oriental Rosa 2                   VPL40 Victoria (not shown)"
"Raspberry Red",VPL44,Pepper,60,21,No,21,"Raspberry Red"
Uber,VRO50,Pepper,60,21,No,21,Uber
"China Rose",VRA080,Pepper,60,21,No,21,"China Rose                          10g       25g        50g             growth that doesn’t require         A high quality salad rocket variety."
Goliath,VPL46,Pepper,60,21,No,21,"Goliath                       with serrated edges. Good flavour."
"F1 Responder",VSP42,Pepper,60,21,No,21,"F1 Responder"
"F1 Renegade",VOG631,Pepper,60,21,No,21,"F1 Renegade"
Alfalfa,VSP60,Pepper,60,21,No,21,"Alfalfa (not shown)"
"F1 Harp",VSP22,Pepper,60,21,No,21,"F1 Harp"
"F1 Santa Cruz",VSP34,Pepper,60,21,No,21,"F1 Santa Cruz                                                        VOG900 Alfalfa"
"Black Tuscany Kale",VSP63,Pepper,60,21,No,21,"Black Tuscany Kale"
"F1 Palco",VOG630,Pepper,60,21,No,21,"F1 Palco                       days."
"F1 Amador",VSP46,Pepper,60,21,No,21,"F1 Amador                      mildew, suited to autumn, winter         £10.65 £17.00        £26.70"
Carrot,VSP72,Pepper,60,21,No,21,"Carrot (not shown)"
Matador,VOG635,Pepper,60,21,No,21,"Matador                            250g       500g        1kg"
"F1 Denton",VSP48,Pepper,60,21,No,21,"F1 Denton (not shown)          with a slightly savoyed texture."
"F1 Rubino",VSP18,Pepper,60,21,No,21,"F1 Rubino                        A smooth leaved variety suitable     Can be sown from March to"
Viroflay,VSP36,Leek,60,21,No,21,"Viroflay (not shown)"
Chickpea,VSP73,Leek,60,21,No,21,"Chickpea (not shown)              VSP70 Mung Bean"
"Red Cabbage",VSP86,Leek,60,21,No,21,"Red Cabbage"
Pea,VSP83,Leek,60,21,No,21,"Pea                                 purple colour and brassica flavour."
"Mung Bean",VOG910,Leek,60,21,No,21,"Mung Bean                        stir-fries and salads; can be eaten              21/2kg      5kg"
"Mustard, Brown",VSP76,Leek,60,21,No,21,"Mustard, Brown                                                              VOG925 Red Cabbage"
"Chinese Cabbage",VSP74,Leek,60,21,No,21,"Chinese Cabbage                   have an intense flavour with a          organic seed"
Pea,VOG912,Leek,60,21,No,21,Pea
"Mustard, White",VSP80,Leek,60,21,No,21,"Mustard, White                                                              VSP90 Rocket"
"Radish Rambo",VSP95,Leek,60,21,No,21,"Radish Rambo                              21/2kg      5kg"
"Salad Rape",VRA120,Leek,60,21,No,21,"Salad Rape"
Fenugreek,VSP65,Leek,60,21,No,21,"Fenugreek                                                                                                           the sandwich trade. Also suitable"
"Radish Rambo",VOG915,Leek,60,21,No,21,"Radish Rambo                          250g       500g       1kg"
"Radish Daikon",VSP84,Leek,60,21,No,21,"Radish Daikon 		                    VSP92 Sunflower (not shown)"
Nasturtium,VSP78,Leek,60,21,No,21,"Nasturtium      		                Daikon is a popular subject for           calcium and magnesium. Excellent"
Fenugreek,VOG907,Pepper,60,21,No,21,"Fenugreek                                                                soups, sandwiches and as a garnish.       4-6 days."
Leek,VSP68,Pepper,60,21,No,21,"Leek                              VSP82 Onion (not shown)                        £29.45     £54.35                          £26.50     £48.95"
"Radish Daikon",VOG920,Pepper,60,21,No,21,"Radish Daikon                      VOG930 Sunflower"
"Green Bush",VMA080,Pepper,60,21,No,21,"Green Bush               YP"
"F1 Atena",VMA038,Pepper,60,21,No,21,"F1 Atena                YP"
"F1 Tosca",VMA116,Pepper,60,21,No,21,"F1 Tosca                          produces a heavy crop of golden-"
"Black Beauty",VOG640,Pepper,60,21,No,21,"Black Beauty                                           YP Poly Glas       yellow courgettes. Sweet flavour"
"F1 Gold Rush",VMA085,Pepper,60,21,No,21,"F1 Gold Rush"
"F1 Ambassador",VMA010,Courgette,60,21,No,21,"F1 Ambassador                    VOG250 F1 Tosca                          still produces a good number of"
"F1 Midnight",VMA105,Courgette,60,21,No,21,"F1 Midnight             YP            100g      250g        500g"
"Eight Ball",,Courgette,60,21,No,21,"Eight Ball                          hybrids, making it less suitable for"
"F1 Dunja",VOG252,Courgette,60,21,No,21,"F1 Dunja (not shown)              £5.70 £10.20 £22.75 £40.60"
"F1 Precioza",VMA022,Courgette,60,21,No,21,"F1 Precioza"
"F1 Eight Ball",VMA070,Courgette,60,21,No,21,"F1 Eight Ball         YP                                                makes for easy harvesting. Highly"
"F1 Bush Baby",VMA095,Courgette,60,21,No,21,"F1 Bush Baby"
"F1 Party",VMA112,Courgette,60,21,No,21,"F1 Party"
"F1 Safari",VMA030,Courgette,60,21,No,21,"F1 Safari                  YP"
"F1 One Ball",VMA075,Courgette,60,21,No,21,"F1 One Ball               YP    The dark green fruits are typically     A unique variety that produces"
"F1 Tiger Cross",VMA065,Courgette,60,21,No,21,"F1 Tiger Cross"
"F1 Eight",,Courgette,60,21,No,21,"combination with F1 Eight Ball. Bush   zucchini yellow mosaic virus and        bush habit. Contrasts well with          Early to crop. Resistant to"
"F1 Snowball",VSQ300,Courgette,60,21,No,21,"F1 Snowball NEW"
"F1 Racer",VSQ460,Courgette,60,21,No,21,"F1 Racer (not shown)"
"F1 Jack Of",VSQ580,Courgette,60,21,No,21,"F1 Jack Of All"
Zombie,VSQ310,Courgette,60,21,No,21,"Zombie NEW                                                                 50sd 100sd 250sd 500sd"
"F1 Jill Be",VSQ210,Courgette,60,21,No,21,"F1 Jill Be Little                is great for enhancing Hallowe’en"
Jack,VOG655,Courgette,60,21,No,21,"Jack O’ Lantern"
"F1 Harvest Moon",VSQ440,Courgette,60,21,No,21,"F1 Harvest Moon"
"F1 Casperita",VSQ230,Courgette,60,21,No,21,"F1 Casperita"
"F1 Spitfire",VSQ320,Courgette,60,21,No,21,"F1 Spitfire"
"F1 Knuckle Head",VSQ520,Courgette,60,21,No,21,"F1 Knuckle Head"
"F1 Mellow Yellow",VSQ490,Courgette,60,21,No,21,"F1 Mellow Yellow                 Fruit size 5-7Kg; typically 30cm tall"
"F1 Corvette",VSQ582,Courgette,60,21,No,21,"F1 Corvette"
"F1 Chucky",VSQ290,Courgette,60,21,No,21,"F1 Chucky                                                                                                        ribbing, with strong, well attached"
"F1 Hot Chocolate",VSQ340,Courgette,60,21,No,21,"F1 Hot Chocolate                                                         handles. Fruits typically 5-7Kg. Also"
"F1 Camaro",VSQ584,Courgette,60,21,No,21,"F1 Camaro                                                                       Uchiki Kuri"
"F1 Wicked",VSQ550,Courgette,60,21,No,21,"F1 Wicked                         VSQ570 F1 Gladiator                         VSQ080 F1 Hunter                         VSQ650 Uchiki Kuri"
Waltham,VSQ150,Courgette,60,21,No,21,Waltham
"F1 Carrie",VSQ510,Courgette,60,21,No,21,"F1 Carrie (not shown)                Big Loretta                              (not shown)   Butternut                  organic seed"
"Uchiki Kuri",VOG650,Courgette,60,21,No,21,"Uchiki Kuri"
"F1 Big Loretta",VSQ530,Courgette,60,21,No,21,"F1 Big Loretta"
Waltham,VOG647,Courgette,60,21,No,21,Waltham
"F1 CargoNEW",VSQ450,Courgette,60,21,No,21,"F1 CargoNEW"
"F1 Ambermax",VSQ680,Courgette,60,21,No,21,"F1 Ambermax"
"F1 Polar Bear",VSQ590,Courgette,60,21,No,21,"F1 Polar Bear                                                                   50sd 100sd 250sd 500sd"
"F1 Magic Lantern",VSQ500,Courgette,60,21,No,21,"F1 Magic Lantern                  white colour that is retained well          VSQ030 F1 Autumn Crown                      Red October"
"Rouge Vif",VSQ595,Courgette,60,21,No,21,"Rouge Vif 		 NEW                     per plant."
"F1 Red October",VSQ760,Courgette,60,21,No,21,"F1 Red October"
"Atlantic Giant",VSQ240,Courgette,60,21,No,21,"Atlantic Giant                    ribs/lobes.      Striking red-orange                                                 A hybrid Hubbard variety that"
"F1 Stripetti",VSQ740,Courgette,60,21,No,21,"F1 Stripetti"
"F1 Crown Prince",VSQ250,Courgette,60,21,No,21,"F1 Crown Prince                                                             Zephyr"
"F1 Harlequin",VSQ050,Courgette,60,21,No,21,"F1 Harlequin                    Grey-skinned variety with bright       VSQ750 Spaghetti"
"F1 Zephyr",VSQ880,Courgette,60,21,No,21,"F1 Zephyr"
"F1 Rosie",VSQ990,Courgette,60,21,No,21,"F1 Rosie NEW                                                            shaped patty pan varieties, with"
"F1 Honey Bear",VSQ730,Courgette,60,21,No,21,"F1 Honey Bear                   A stunning pink Kabocha type                                                   scallop edged fruits. All mature"
"F1 Kabocha",VSQ980,Courgette,60,21,No,21,"F1 Kabocha                       fruit production."
"F1 Lunar Eclipse",VSQ900,Courgette,60,21,No,21,"F1 Lunar Eclipse"
"F1 Sunbeam",VSQ940,Courgette,60,21,No,21,"F1 Sunbeam"
"F1 Celebration",VSQ800,Courgette,60,21,No,21,"F1 Celebration                                                                                                   Sunbeam"
"F1 Fairy",VSQ280,Courgette,60,21,No,21,"F1 Fairy"
"F1 Sweet Lightning",VSQ820,Courgette,60,21,No,21,"F1 Sweet Lightning                   Lunar Eclipse"
Turks,VSQ180,Courgette,60,21,No,21,Turks
Best,VSW020,Courgette,60,21,No,21,"Best of All (not shown)                                                   Super sweet (sh2)"
"F1 Golden Hind",VSW070,Courgette,60,21,No,21,"F1 Golden Hind"
Best,VSW022,Courgette,60,21,No,21,"Best of All                        Main classifications for               shorter variety with some tillers."
Gowrie,VSW010,Courgette,60,21,No,21,"Gowrie (not shown)                                                              2,500sd 10,000sd"
"F1 Earlibird",VSW072,Courgette,60,21,No,21,"F1 Earlibird"
"F1 Tweed",VSW034,Courgette,60,21,No,21,"F1 Tweed                                                                 quality and flavour."
Magres,VSW002,Courgette,60,21,No,21,"Magres (not shown)             VSW012 Gowrie                                                                    VSW078 F1 Golden Fleece"
Invitation,VSW015,Courgette,60,21,No,21,"Invitation                                                                with an average of 1.2 cobs per"
Magres,VSW003,Courgette,60,21,No,21,"Magres                         and powdery mildew. Excellent"
"F1 Golden Eagle",VSW075,Courgette,60,21,No,21,"F1 Golden Eagle"
Marian,VSW030,Courgette,60,21,No,21,"Marian                             250g        500g       1kg           grains on a 20cm long cob. Very"
Invitation,VSW018,Courgette,60,21,No,21,Invitation
"F1 Golden Gate",VSW081,Courgette,60,21,No,21,"F1 Golden Gate"
"F1 Goldcrest",VSW086,Courgette,60,21,No,21,"F1 Goldcrest"
Marian,VSW032,Courgette,60,21,No,21,"Marian                                                                  per cob. Exceptionally sweet            21cm in length, with 14 rows of"
"F1 Golden Phoenix",VSW104,Courgette,60,21,No,21,"F1 Golden Phoenix"
"F1 Golden Sweet",VTO235,Courgette,60,21,No,21,"F1 Golden Sweet"
"F1 Merrygold",VTO026,Courgette,60,21,No,21,"F1 Merrygold"
"Gardener’s Delight",VTO276,Courgette,60,21,No,21,"Gardener’s Delight"
"F1 Modus",VTO010,Courgette,60,21,No,21,"F1 Modus"
"F1 Ambrosia",VSW094,Courgette,60,21,No,21,"F1 Ambrosia"
"F1 Sungrape",VTO012,Courgette,60,21,No,21,"F1 Sungrape"
"F1 Minipop",VSW090,Courgette,60,21,No,21,"F1 Minipop                      (1), Va, Vd and Mj."
"F1 Allure",VTO278,Courgette,60,21,No,21,"F1 Allure"
"F1 Tremolo",VTO350,Courgette,60,21,No,21,"F1 Tremolo                          Sweet flavour, with an average"
"Ornamental Fiesta",VSW056,Courgette,60,21,No,21,"Ornamental Fiesta               VTO014 Sweet Aperitif                  VTO024 F1 Honeycomb"
"F1 Trilly",VTO032,Tomato,60,21,No,21,"F1 Trilly"
Rubinka,VTO272,Tomato,60,21,No,21,Rubinka
"F1 Sungold",VTO305,Tomato,60,21,No,21,"F1 Sungold                          sized fruits. Trusses are long and"
"F1 Cherrola",VTO034,Tomato,60,21,No,21,"F1 Cherrola"
"F1 Bottondoro",VTO030,Tomato,60,21,No,21,"F1 Bottondoro                   suitable for production in both"
"Black Cherry",VTO020,Tomato,60,21,No,21,"Black Cherry                     eaten fresh from the plant. Ideal"
"F1 Crokini",VTO122,Tomato,60,21,No,21,"F1 Crokini                              Floridity"
"F1 Black Moon",VTO058,Tomato,60,21,No,21,"F1 Black Moon"
"F1 Golden Ruby",VTO236,Tomato,60,21,No,21,"F1 Golden Ruby                  complex flavour that has proved to be"
"F1 Floridity",VTO132,Tomato,60,21,No,21,"F1 Floridity                                                             £5.90 £10.55 £23.50 £42.00"
"F1 Miele",VTO025,Tomato,60,21,No,21,"F1 Miele"
"F1 Santa Victoria",VTO128,Tomato,60,21,No,21,"F1 Santa Victoria                   (not shown)"
"F1 Sweet Million",VTO284,Tomato,60,21,No,21,"F1 Sweet Million                VTO044 F1 Cocktail Crush"
New,VTO128,Tomato,60,21,No,21,"New        mini plum              14-18                red                                                                                      high yield on long trusses"
New,VTO078,Tomato,60,21,No,21,"New            round              90-110               red                                                                                       an improved Shirley type"
"Ailsa Craig",VTO180,Tomato,60,21,No,21,"Ailsa Craig (not shown)                                        VTO250 Moneymaker                                                            Pannovy"
"F1 Honey Delight",VTO062,Tomato,60,21,No,21,"F1 Honey Delight"
Alicante,VTO190,Tomato,60,21,No,21,"Alicante (not shown)"
"F1 Pannovy",VTO080,Tomato,60,21,No,21,"F1 Pannovy"
"F1 Gallant",VTO054,Tomato,60,21,No,21,"F1 Gallant                                    £19.00 £27.40         £43.40                                                                                                                50sd 100sd 250sd 500sd"
"F1 Shirley",VTO110,Tomato,60,21,No,21,"F1 Shirley"
"F1 Orange",VTO446,Tomato,60,21,No,21,"F1 Orange"
"F1 Bauna",VTO078,Tomato,60,21,No,21,"F1 Bauna NEW                                                                 VTO150 F1 Golden Shine                  Smooth, orange fruit with vibrant"
"F1 Akron",VTO225,Tomato,60,21,No,21,"F1 Akron                            A tall variety producing distinctive    colour, while the flesh is firm, dense"
"F1 Buffalosteak",VTO450,Tomato,60,21,No,21,"F1 Buffalosteak"
"F1 Sparta",VTO120,Tomato,60,21,No,21,"F1 Sparta                                                                                                            Fruits typically 250-350 grams in"
"F1 Big Mama",VTO408,Tomato,60,21,No,21,"F1 Big Mama                      size but can reach up to 500 grams."
"Super Marmande",VTO270,Tomato,60,21,No,21,"Super Marmande                      production. The large (typically"
"F1 Buffalosun",VTO452,Tomato,60,21,No,21,"F1 Buffalosun"
"F1 Cindel",VTO134,Tomato,60,21,No,21,"F1 Cindel NEW                                                                                                        an heirloom variety but with the"
"F1 Big Pink",VTO430,Tomato,60,21,No,21,"F1 Big Pink"
"F1 Crimson Crush",VTO405,Tomato,60,21,No,21,"F1 Crimson Crush                                                            large, fleshy, ribbed, Beefsteak"
"F1 Cindel",VOG725,Tomato,60,21,No,21,"F1 Cindel                         semi-determinate variety if needed.        (1-3), Fol (0&1) and Va (0).            Va, Vd, Pi, TSWV (T0)."
"F1 Veranda",VTO484,Tomato,60,21,No,21,"F1 Veranda"
"F1 Knockout",VTO448,Tomato,60,21,No,21,"F1 Knockout                                                                                                                          fruits are cherry sized with an attractive"
"F1 Big Daddy",VTO436,Tomato,60,21,No,21,"F1 Big Daddy                                               This variety produces probably the"
"F1 Arnold",VTO610,Tomato,60,21,No,21,"F1 Arnold"
"F1 Cherry Falls",VTO492,Tomato,60,21,No,21,"F1 Cherry Falls"
"F1 Protector",VTO615,Tomato,60,21,No,21,"F1 Protector                                                    nature means that many plants are"
Red,VTO380,Tomato,60,21,No,21,"Red                                                           applications. Resistant to Fol (0)."
Yellow,VTO385,Tomato,60,21,No,21,"Yellow                                                         50sd 100sd 250sd 500sd"
"F1 Baby Boomer",VTO482,Tomato,60,21,No,21,"F1 Baby Boomer"
